0.0063,18.0000,2.3100,0.0000,0.5380,6.5750,65.2000,4.0900,1.0000,296.0000,15.3000,396.9000,4.9800
0.0273,0.0000,7.0700,0.0000,0.4690,6.4210,78.9000,4.9671,2.0000,242.0000,17.8000,396.9000,9.1400
0.0273,0.0000,7.0700,0.0000,0.4690,7.1850,61.1000,4.9671,2.0000,242.0000,17.8000,392.8300,4.0300
0.0324,0.0000,2.1800,0.0000,0.4580,6.9980,45.8000,6.0622,3.0000,222.0000,18.7000,394.6300,2.9400
0.0691,0.0000,2.1800,0.0000,0.4580,7.1470,54.2000,6.0622,3.0000,222.0000,18.7000,396.9000,5.3300
0.0299,0.0000,2.1800,0.0000,0.4580,6.4300,58.7000,6.0622,3.0000,222.0000,18.7000,394.1200,5.2100
0.0883,12.5000,7.8700,0.0000,0.5240,6.0120,66.6000,5.5605,5.0000,311.0000,15.2000,395.6000,12.4300
0.1446,12.5000,7.8700,0.0000,0.5240,6.1720,96.1000,5.9505,5.0000,311.0000,15.2000,396.9000,19.1500
0.2112,12.5000,7.8700,0.0000,0.5240,5.6310,100.0000,6.0821,5.0000,311.0000,15.2000,386.6300,29.9300
0.1700,12.5000,7.8700,0.0000,0.5240,6.0040,85.9000,6.5921,5.0000,311.0000,15.2000,386.7100,17.1000
0.2249,12.5000,7.8700,0.0000,0.5240,6.3770,94.3000,6.3467,5.0000,311.0000,15.2000,392.5200,20.4500
0.1175,12.5000,7.8700,0.0000,0.5240,6.0090,82.9000,6.2267,5.0000,311.0000,15.2000,396.9000,13.2700
0.0938,12.5000,7.8700,0.0000,0.5240,5.8890,39.0000,5.4509,5.0000,311.0000,15.2000,390.5000,15.7100
0.6298,0.0000,8.1400,0.0000,0.5380,5.9490,61.8000,4.7075,4.0000,307.0000,21.0000,396.9000,8.2600
0.6380,0.0000,8.1400,0.0000,0.5380,6.0960,84.5000,4.4619,4.0000,307.0000,21.0000,380.0200,10.2600
0.6274,0.0000,8.1400,0.0000,0.5380,5.8340,56.5000,4.4986,4.0000,307.0000,21.0000,395.6200,8.4700
1.0539,0.0000,8.1400,0.0000,0.5380,5.9350,29.3000,4.4986,4.0000,307.0000,21.0000,386.8500,6.5800
0.7842,0.0000,8.1400,0.0000,0.5380,5.9900,81.7000,4.2579,4.0000,307.0000,21.0000,386.7500,14.6700
0.8027,0.0000,8.1400,0.0000,0.5380,5.4560,36.6000,3.7965,4.0000,307.0000,21.0000,288.9900,11.6900
0.7258,0.0000,8.1400,0.0000,0.5380,5.7270,69.5000,3.7965,4.0000,307.0000,21.0000,390.9500,11.2800
1.2518,0.0000,8.1400,0.0000,0.5380,5.5700,98.1000,3.7979,4.0000,307.0000,21.0000,376.5700,21.0200
0.8520,0.0000,8.1400,0.0000,0.5380,5.9650,89.2000,4.0123,4.0000,307.0000,21.0000,392.5300,13.8300
1.2325,0.0000,8.1400,0.0000,0.5380,6.1420,91.7000,3.9769,4.0000,307.0000,21.0000,396.9000,18.7200
0.9884,0.0000,8.1400,0.0000,0.5380,5.8130,100.0000,4.0952,4.0000,307.0000,21.0000,394.5400,19.8800
0.7503,0.0000,8.1400,0.0000,0.5380,5.9240,94.1000,4.3996,4.0000,307.0000,21.0000,394.3300,16.3000
0.8405,0.0000,8.1400,0.0000,0.5380,5.5990,85.7000,4.4546,4.0000,307.0000,21.0000,303.4200,16.5100
0.6719,0.0000,8.1400,0.0000,0.5380,5.8130,90.3000,4.6820,4.0000,307.0000,21.0000,376.8800,14.8100
0.9558,0.0000,8.1400,0.0000,0.5380,6.0470,88.8000,4.4534,4.0000,307.0000,21.0000,306.3800,17.2800
0.7730,0.0000,8.1400,0.0000,0.5380,6.4950,94.4000,4.4547,4.0000,307.0000,21.0000,387.9400,12.8000
1.0025,0.0000,8.1400,0.0000,0.5380,6.6740,87.3000,4.2390,4.0000,307.0000,21.0000,380.2300,11.9800
1.1308,0.0000,8.1400,0.0000,0.5380,5.7130,94.1000,4.2330,4.0000,307.0000,21.0000,360.1700,22.6000
1.3547,0.0000,8.1400,0.0000,0.5380,6.0720,100.0000,4.1750,4.0000,307.0000,21.0000,376.7300,13.0400
1.3880,0.0000,8.1400,0.0000,0.5380,5.9500,82.0000,3.9900,4.0000,307.0000,21.0000,232.6000,27.7100
1.1517,0.0000,8.1400,0.0000,0.5380,5.7010,95.0000,3.7872,4.0000,307.0000,21.0000,358.7700,18.3500
1.6128,0.0000,8.1400,0.0000,0.5380,6.0960,96.9000,3.7598,4.0000,307.0000,21.0000,248.3100,20.3400
0.0642,0.0000,5.9600,0.0000,0.4990,5.9330,68.2000,3.3603,5.0000,279.0000,19.2000,396.9000,9.6800
0.0974,0.0000,5.9600,0.0000,0.4990,5.8410,61.4000,3.3779,5.0000,279.0000,19.2000,377.5600,11.4100
0.0801,0.0000,5.9600,0.0000,0.4990,5.8500,41.5000,3.9342,5.0000,279.0000,19.2000,396.9000,8.7700
0.1751,0.0000,5.9600,0.0000,0.4990,5.9660,30.2000,3.8473,5.0000,279.0000,19.2000,393.4300,10.1300
0.0276,75.0000,2.9500,0.0000,0.4280,6.5950,21.8000,5.4011,3.0000,252.0000,18.3000,395.6300,4.3200
0.0336,75.0000,2.9500,0.0000,0.4280,7.0240,15.8000,5.4011,3.0000,252.0000,18.3000,395.6200,1.9800
0.1274,0.0000,6.9100,0.0000,0.4480,6.7700,2.9000,5.7209,3.0000,233.0000,17.9000,385.4100,4.8400
0.1415,0.0000,6.9100,0.0000,0.4480,6.1690,6.6000,5.7209,3.0000,233.0000,17.9000,383.3700,5.8100
0.1594,0.0000,6.9100,0.0000,0.4480,6.2110,6.5000,5.7209,3.0000,233.0000,17.9000,394.4600,7.4400
0.1227,0.0000,6.9100,0.0000,0.4480,6.0690,40.0000,5.7209,3.0000,233.0000,17.9000,389.3900,9.5500
0.1714,0.0000,6.9100,0.0000,0.4480,5.6820,33.8000,5.1004,3.0000,233.0000,17.9000,396.9000,10.2100
0.1884,0.0000,6.9100,0.0000,0.4480,5.7860,33.3000,5.1004,3.0000,233.0000,17.9000,396.9000,14.1500
0.2293,0.0000,6.9100,0.0000,0.4480,6.0300,85.5000,5.6894,3.0000,233.0000,17.9000,392.7400,18.8000
0.2539,0.0000,6.9100,0.0000,0.4480,5.3990,95.3000,5.8700,3.0000,233.0000,17.9000,396.9000,30.8100
0.2198,0.0000,6.9100,0.0000,0.4480,5.6020,62.0000,6.0877,3.0000,233.0000,17.9000,396.9000,16.2000
0.0887,21.0000,5.6400,0.0000,0.4390,5.9630,45.7000,6.8147,4.0000,243.0000,16.8000,395.5600,13.4500
0.0434,21.0000,5.6400,0.0000,0.4390,6.1150,63.0000,6.8147,4.0000,243.0000,16.8000,393.9700,9.4300
0.0536,21.0000,5.6400,0.0000,0.4390,6.5110,21.1000,6.8147,4.0000,243.0000,16.8000,396.9000,5.2800
0.0498,21.0000,5.6400,0.0000,0.4390,5.9980,21.4000,6.8147,4.0000,243.0000,16.8000,396.9000,8.4300
0.0136,75.0000,4.0000,0.0000,0.4100,5.8880,47.6000,7.3197,3.0000,469.0000,21.1000,396.9000,14.8000
0.0131,90.0000,1.2200,0.0000,0.4030,7.2490,21.9000,8.6966,5.0000,226.0000,17.9000,395.9300,4.8100
0.0205,85.0000,0.7400,0.0000,0.4100,6.3830,35.7000,9.1876,2.0000,313.0000,17.3000,396.9000,5.7700
0.0143,100.0000,1.3200,0.0000,0.4110,6.8160,40.5000,8.3248,5.0000,256.0000,15.1000,392.9000,3.9500
0.1545,25.0000,5.1300,0.0000,0.4530,6.1450,29.2000,7.8148,8.0000,284.0000,19.7000,390.6800,6.8600
0.1033,25.0000,5.1300,0.0000,0.4530,5.9270,47.2000,6.9320,8.0000,284.0000,19.7000,396.9000,9.2200
0.1493,25.0000,5.1300,0.0000,0.4530,5.7410,66.2000,7.2254,8.0000,284.0000,19.7000,395.1100,13.1500
0.1717,25.0000,5.1300,0.0000,0.4530,5.9660,93.4000,6.8185,8.0000,284.0000,19.7000,378.0800,14.4400
0.1103,25.0000,5.1300,0.0000,0.4530,6.4560,67.8000,7.2255,8.0000,284.0000,19.7000,396.9000,6.7300
0.1265,25.0000,5.1300,0.0000,0.4530,6.7620,43.4000,7.9809,8.0000,284.0000,19.7000,395.5800,9.5000
0.0195,17.5000,1.3800,0.0000,0.4161,7.1040,59.5000,9.2229,3.0000,216.0000,18.6000,393.2400,8.0500
0.0358,80.0000,3.3700,0.0000,0.3980,6.2900,17.8000,6.6115,4.0000,337.0000,16.1000,396.9000,4.6700
0.0438,80.0000,3.3700,0.0000,0.3980,5.7870,31.1000,6.6115,4.0000,337.0000,16.1000,396.9000,10.2400
0.0579,12.5000,6.0700,0.0000,0.4090,5.8780,21.4000,6.4980,4.0000,345.0000,18.9000,396.2100,8.1000
0.1355,12.5000,6.0700,0.0000,0.4090,5.5940,36.8000,6.4980,4.0000,345.0000,18.9000,396.9000,13.0900
0.1282,12.5000,6.0700,0.0000,0.4090,5.8850,33.0000,6.4980,4.0000,345.0000,18.9000,396.9000,8.7900
0.0883,0.0000,10.8100,0.0000,0.4130,6.4170,6.6000,5.2873,4.0000,305.0000,19.2000,383.7300,6.7200
0.1588,0.0000,10.8100,0.0000,0.4130,5.9610,17.5000,5.2873,4.0000,305.0000,19.2000,376.9400,9.8800
0.0916,0.0000,10.8100,0.0000,0.4130,6.0650,7.8000,5.2873,4.0000,305.0000,19.2000,390.9100,5.5200
0.1954,0.0000,10.8100,0.0000,0.4130,6.2450,6.2000,5.2873,4.0000,305.0000,19.2000,377.1700,7.5400
0.0790,0.0000,12.8300,0.0000,0.4370,6.2730,6.0000,4.2515,5.0000,398.0000,18.7000,394.9200,6.7800
0.0951,0.0000,12.8300,0.0000,0.4370,6.2860,45.0000,4.5026,5.0000,398.0000,18.7000,383.2300,8.9400
0.1015,0.0000,12.8300,0.0000,0.4370,6.2790,74.5000,4.0522,5.0000,398.0000,18.7000,373.6600,11.9700
0.0871,0.0000,12.8300,0.0000,0.4370,6.1400,45.8000,4.0905,5.0000,398.0000,18.7000,386.9600,10.2700
0.0565,0.0000,12.8300,0.0000,0.4370,6.2320,53.7000,5.0141,5.0000,398.0000,18.7000,386.4000,12.3400
0.0839,0.0000,12.8300,0.0000,0.4370,5.8740,36.6000,4.5026,5.0000,398.0000,18.7000,396.0600,9.1000
0.0411,25.0000,4.8600,0.0000,0.4260,6.7270,33.5000,5.4007,4.0000,281.0000,19.0000,396.9000,5.2900
0.0446,25.0000,4.8600,0.0000,0.4260,6.6190,70.4000,5.4007,4.0000,281.0000,19.0000,395.6300,7.2200
0.0366,25.0000,4.8600,0.0000,0.4260,6.3020,32.2000,5.4007,4.0000,281.0000,19.0000,396.9000,6.7200
0.0355,25.0000,4.8600,0.0000,0.4260,6.1670,46.7000,5.4007,4.0000,281.0000,19.0000,390.6400,7.5100
0.0506,0.0000,4.4900,0.0000,0.4490,6.3890,48.0000,4.7794,3.0000,247.0000,18.5000,396.9000,9.6200
0.0573,0.0000,4.4900,0.0000,0.4490,6.6300,56.1000,4.4377,3.0000,247.0000,18.5000,392.3000,6.5300
0.0519,0.0000,4.4900,0.0000,0.4490,6.0150,45.1000,4.4272,3.0000,247.0000,18.5000,395.9900,12.8600
0.0715,0.0000,4.4900,0.0000,0.4490,6.1210,56.8000,3.7476,3.0000,247.0000,18.5000,395.1500,8.4400
0.0566,0.0000,3.4100,0.0000,0.4890,7.0070,86.3000,3.4217,2.0000,270.0000,17.8000,396.9000,5.5000
0.0530,0.0000,3.4100,0.0000,0.4890,7.0790,63.1000,3.4145,2.0000,270.0000,17.8000,396.0600,5.7000
0.0468,0.0000,3.4100,0.0000,0.4890,6.4170,66.1000,3.0923,2.0000,270.0000,17.8000,392.1800,8.8100
0.0393,0.0000,3.4100,0.0000,0.4890,6.4050,73.9000,3.0921,2.0000,270.0000,17.8000,393.5500,8.2000
0.0420,28.0000,15.0400,0.0000,0.4640,6.4420,53.6000,3.6659,4.0000,270.0000,18.2000,395.0100,8.1600
0.0288,28.0000,15.0400,0.0000,0.4640,6.2110,28.9000,3.6659,4.0000,270.0000,18.2000,396.3300,6.2100
0.0429,28.0000,15.0400,0.0000,0.4640,6.2490,77.3000,3.6150,4.0000,270.0000,18.2000,396.9000,10.5900
0.1220,0.0000,2.8900,0.0000,0.4450,6.6250,57.8000,3.4952,2.0000,276.0000,18.0000,357.9800,6.6500
0.1150,0.0000,2.8900,0.0000,0.4450,6.1630,69.6000,3.4952,2.0000,276.0000,18.0000,391.8300,11.3400
0.1208,0.0000,2.8900,0.0000,0.4450,8.0690,76.0000,3.4952,2.0000,276.0000,18.0000,396.9000,4.2100
0.0819,0.0000,2.8900,0.0000,0.4450,7.8200,36.9000,3.4952,2.0000,276.0000,18.0000,393.5300,3.5700
0.0686,0.0000,2.8900,0.0000,0.4450,7.4160,62.5000,3.4952,2.0000,276.0000,18.0000,396.9000,6.1900
0.1487,0.0000,8.5600,0.0000,0.5200,6.7270,79.9000,2.7778,5.0000,384.0000,20.9000,394.7600,9.4200
0.1143,0.0000,8.5600,0.0000,0.5200,6.7810,71.3000,2.8561,5.0000,384.0000,20.9000,395.5800,7.6700
0.2288,0.0000,8.5600,0.0000,0.5200,6.4050,85.4000,2.7147,5.0000,384.0000,20.9000,70.8000,10.6300
0.2116,0.0000,8.5600,0.0000,0.5200,6.1370,87.4000,2.7147,5.0000,384.0000,20.9000,394.4700,13.4400
0.1396,0.0000,8.5600,0.0000,0.5200,6.1670,90.0000,2.4210,5.0000,384.0000,20.9000,392.6900,12.3300
0.1326,0.0000,8.5600,0.0000,0.5200,5.8510,96.7000,2.1069,5.0000,384.0000,20.9000,394.0500,16.4700
0.1712,0.0000,8.5600,0.0000,0.5200,5.8360,91.9000,2.2110,5.0000,384.0000,20.9000,395.6700,18.6600
0.1312,0.0000,8.5600,0.0000,0.5200,6.1270,85.2000,2.1224,5.0000,384.0000,20.9000,387.6900,14.0900
0.1280,0.0000,8.5600,0.0000,0.5200,6.4740,97.1000,2.4329,5.0000,384.0000,20.9000,395.2400,12.2700
0.2636,0.0000,8.5600,0.0000,0.5200,6.2290,91.2000,2.5451,5.0000,384.0000,20.9000,391.2300,15.5500
0.1079,0.0000,8.5600,0.0000,0.5200,6.1950,54.4000,2.7778,5.0000,384.0000,20.9000,393.4900,13.0000
0.1008,0.0000,10.0100,0.0000,0.5470,6.7150,81.6000,2.6775,6.0000,432.0000,17.8000,395.5900,10.1600
0.1233,0.0000,10.0100,0.0000,0.5470,5.9130,92.9000,2.3534,6.0000,432.0000,17.8000,394.9500,16.2100
0.2221,0.0000,10.0100,0.0000,0.5470,6.0920,95.4000,2.5480,6.0000,432.0000,17.8000,396.9000,17.0900
0.1423,0.0000,10.0100,0.0000,0.5470,6.2540,84.2000,2.2565,6.0000,432.0000,17.8000,388.7400,10.4500
0.1713,0.0000,10.0100,0.0000,0.5470,5.9280,88.2000,2.4631,6.0000,432.0000,17.8000,344.9100,15.7600
0.1316,0.0000,10.0100,0.0000,0.5470,6.1760,72.5000,2.7301,6.0000,432.0000,17.8000,393.3000,12.0400
0.1510,0.0000,10.0100,0.0000,0.5470,6.0210,82.6000,2.7474,6.0000,432.0000,17.8000,394.5100,10.3000
0.1306,0.0000,10.0100,0.0000,0.5470,5.8720,73.1000,2.4775,6.0000,432.0000,17.8000,338.6300,15.3700
0.1448,0.0000,10.0100,0.0000,0.5470,5.7310,65.2000,2.7592,6.0000,432.0000,17.8000,391.5000,13.6100
0.0690,0.0000,25.6500,0.0000,0.5810,5.8700,69.7000,2.2577,2.0000,188.0000,19.1000,389.1500,14.3700
0.0717,0.0000,25.6500,0.0000,0.5810,6.0040,84.1000,2.1974,2.0000,188.0000,19.1000,377.6700,14.2700
0.0930,0.0000,25.6500,0.0000,0.5810,5.9610,92.9000,2.0869,2.0000,188.0000,19.1000,378.0900,17.9300
0.1504,0.0000,25.6500,0.0000,0.5810,5.8560,97.0000,1.9444,2.0000,188.0000,19.1000,370.3100,25.4100
0.0985,0.0000,25.6500,0.0000,0.5810,5.8790,95.8000,2.0063,2.0000,188.0000,19.1000,379.3800,17.5800
0.1690,0.0000,25.6500,0.0000,0.5810,5.9860,88.4000,1.9929,2.0000,188.0000,19.1000,385.0200,14.8100
0.3874,0.0000,25.6500,0.0000,0.5810,5.6130,95.6000,1.7572,2.0000,188.0000,19.1000,359.2900,27.2600
0.2591,0.0000,21.8900,0.0000,0.6240,5.6930,96.0000,1.7883,4.0000,437.0000,21.2000,392.1100,17.1900
0.3254,0.0000,21.8900,0.0000,0.6240,6.4310,98.8000,1.8125,4.0000,437.0000,21.2000,396.9000,15.3900
0.8812,0.0000,21.8900,0.0000,0.6240,5.6370,94.7000,1.9799,4.0000,437.0000,21.2000,396.9000,18.3400
0.3401,0.0000,21.8900,0.0000,0.6240,6.4580,98.9000,2.1185,4.0000,437.0000,21.2000,395.0400,12.6000
1.1929,0.0000,21.8900,0.0000,0.6240,6.3260,97.7000,2.2710,4.0000,437.0000,21.2000,396.9000,12.2600
0.5900,0.0000,21.8900,0.0000,0.6240,6.3720,97.9000,2.3274,4.0000,437.0000,21.2000,385.7600,11.1200
0.3298,0.0000,21.8900,0.0000,0.6240,5.8220,95.4000,2.4699,4.0000,437.0000,21.2000,388.6900,15.0300
0.9762,0.0000,21.8900,0.0000,0.6240,5.7570,98.4000,2.3460,4.0000,437.0000,21.2000,262.7600,17.3100
0.5578,0.0000,21.8900,0.0000,0.6240,6.3350,98.2000,2.1107,4.0000,437.0000,21.2000,394.6700,16.9600
0.3226,0.0000,21.8900,0.0000,0.6240,5.9420,93.5000,1.9669,4.0000,437.0000,21.2000,378.2500,16.9000
0.3523,0.0000,21.8900,0.0000,0.6240,6.4540,98.4000,1.8498,4.0000,437.0000,21.2000,394.0800,14.5900
0.2498,0.0000,21.8900,0.0000,0.6240,5.8570,98.2000,1.6686,4.0000,437.0000,21.2000,392.0400,21.3200
0.5445,0.0000,21.8900,0.0000,0.6240,6.1510,97.9000,1.6687,4.0000,437.0000,21.2000,396.9000,18.4600
0.2909,0.0000,21.8900,0.0000,0.6240,6.1740,93.6000,1.6119,4.0000,437.0000,21.2000,388.0800,24.1600
1.6286,0.0000,21.8900,0.0000,0.6240,5.0190,100.0000,1.4394,4.0000,437.0000,21.2000,396.9000,34.4100
3.3211,0.0000,19.5800,1.0000,0.8710,5.4030,100.0000,1.3216,5.0000,403.0000,14.7000,396.9000,26.8200
4.0974,0.0000,19.5800,0.0000,0.8710,5.4680,100.0000,1.4118,5.0000,403.0000,14.7000,396.9000,26.4200
2.7797,0.0000,19.5800,0.0000,0.8710,4.9030,97.8000,1.3459,5.0000,403.0000,14.7000,396.9000,29.2900
2.3793,0.0000,19.5800,0.0000,0.8710,6.1300,100.0000,1.4191,5.0000,403.0000,14.7000,172.9100,27.8000
2.1551,0.0000,19.5800,0.0000,0.8710,5.6280,100.0000,1.5166,5.0000,403.0000,14.7000,169.2700,16.6500
2.3686,0.0000,19.5800,0.0000,0.8710,4.9260,95.7000,1.4608,5.0000,403.0000,14.7000,391.7100,29.5300
2.3310,0.0000,19.5800,0.0000,0.8710,5.1860,93.8000,1.5296,5.0000,403.0000,14.7000,356.9900,28.3200
2.7340,0.0000,19.5800,0.0000,0.8710,5.5970,94.9000,1.5257,5.0000,403.0000,14.7000,351.8500,21.4500
1.6566,0.0000,19.5800,0.0000,0.8710,6.1220,97.3000,1.6180,5.0000,403.0000,14.7000,372.8000,14.1000
1.4963,0.0000,19.5800,0.0000,0.8710,5.4040,100.0000,1.5916,5.0000,403.0000,14.7000,341.6000,13.2800
1.1266,0.0000,19.5800,1.0000,0.8710,5.0120,88.0000,1.6102,5.0000,403.0000,14.7000,343.2800,12.1200
2.1492,0.0000,19.5800,0.0000,0.8710,5.7090,98.5000,1.6232,5.0000,403.0000,14.7000,261.9500,15.7900
1.4139,0.0000,19.5800,1.0000,0.8710,6.1290,96.0000,1.7494,5.0000,403.0000,14.7000,321.0200,15.1200
3.5350,0.0000,19.5800,1.0000,0.8710,6.1520,82.6000,1.7455,5.0000,403.0000,14.7000,88.0100,15.0200
2.4467,0.0000,19.5800,0.0000,0.8710,5.2720,94.0000,1.7364,5.0000,403.0000,14.7000,88.6300,16.1400
1.2236,0.0000,19.5800,0.0000,0.6050,6.9430,97.4000,1.8773,5.0000,403.0000,14.7000,363.4300,4.5900
1.3428,0.0000,19.5800,0.0000,0.6050,6.0660,100.0000,1.7573,5.0000,403.0000,14.7000,353.8900,6.4300
1.4250,0.0000,19.5800,0.0000,0.8710,6.5100,100.0000,1.7659,5.0000,403.0000,14.7000,364.3100,7.3900
1.2735,0.0000,19.5800,1.0000,0.6050,6.2500,92.6000,1.7984,5.0000,403.0000,14.7000,338.9200,5.5000
1.4634,0.0000,19.5800,0.0000,0.6050,7.4890,90.8000,1.9709,5.0000,403.0000,14.7000,374.4300,1.7300
1.8338,0.0000,19.5800,1.0000,0.6050,7.8020,98.2000,2.0407,5.0000,403.0000,14.7000,389.6100,1.9200
1.5190,0.0000,19.5800,1.0000,0.6050,8.3750,93.9000,2.1620,5.0000,403.0000,14.7000,388.4500,3.3200
2.2424,0.0000,19.5800,0.0000,0.6050,5.8540,91.8000,2.4220,5.0000,403.0000,14.7000,395.1100,11.6400
2.9240,0.0000,19.5800,0.0000,0.6050,6.1010,93.0000,2.2834,5.0000,403.0000,14.7000,240.1600,9.8100
2.0102,0.0000,19.5800,0.0000,0.6050,7.9290,96.2000,2.0459,5.0000,403.0000,14.7000,369.3000,3.7000
1.8003,0.0000,19.5800,0.0000,0.6050,5.8770,79.2000,2.4259,5.0000,403.0000,14.7000,227.6100,12.1400
2.3004,0.0000,19.5800,0.0000,0.6050,6.3190,96.1000,2.1000,5.0000,403.0000,14.7000,297.0900,11.1000
2.4495,0.0000,19.5800,0.0000,0.6050,6.4020,95.2000,2.2625,5.0000,403.0000,14.7000,330.0400,11.3200
1.2074,0.0000,19.5800,0.0000,0.6050,5.8750,94.6000,2.4259,5.0000,403.0000,14.7000,292.2900,14.4300
2.3139,0.0000,19.5800,0.0000,0.6050,5.8800,97.3000,2.3887,5.0000,403.0000,14.7000,348.1300,12.0300
0.1391,0.0000,4.0500,0.0000,0.5100,5.5720,88.5000,2.5961,5.0000,296.0000,16.6000,396.9000,14.6900
0.0918,0.0000,4.0500,0.0000,0.5100,6.4160,84.1000,2.6463,5.0000,296.0000,16.6000,395.5000,9.0400
0.0845,0.0000,4.0500,0.0000,0.5100,5.8590,68.7000,2.7019,5.0000,296.0000,16.6000,393.2300,9.6400
0.0666,0.0000,4.0500,0.0000,0.5100,6.5460,33.1000,3.1323,5.0000,296.0000,16.6000,390.9600,5.3300
0.0702,0.0000,4.0500,0.0000,0.5100,6.0200,47.2000,3.5549,5.0000,296.0000,16.6000,393.2300,10.1100
0.0542,0.0000,4.0500,0.0000,0.5100,6.3150,73.4000,3.3175,5.0000,296.0000,16.6000,395.6000,6.2900
0.0664,0.0000,4.0500,0.0000,0.5100,6.8600,74.4000,2.9153,5.0000,296.0000,16.6000,391.2700,6.9200
0.0578,0.0000,2.4600,0.0000,0.4880,6.9800,58.4000,2.8290,3.0000,193.0000,17.8000,396.9000,5.0400
0.0659,0.0000,2.4600,0.0000,0.4880,7.7650,83.3000,2.7410,3.0000,193.0000,17.8000,395.5600,7.5600
0.0689,0.0000,2.4600,0.0000,0.4880,6.1440,62.2000,2.5979,3.0000,193.0000,17.8000,396.9000,9.4500
0.0910,0.0000,2.4600,0.0000,0.4880,7.1550,92.2000,2.7006,3.0000,193.0000,17.8000,394.1200,4.8200
0.1001,0.0000,2.4600,0.0000,0.4880,6.5630,95.6000,2.8470,3.0000,193.0000,17.8000,396.9000,5.6800
0.0831,0.0000,2.4600,0.0000,0.4880,5.6040,89.8000,2.9879,3.0000,193.0000,17.8000,391.0000,13.9800
0.0605,0.0000,2.4600,0.0000,0.4880,6.1530,68.8000,3.2797,3.0000,193.0000,17.8000,387.1100,13.1500
0.0560,0.0000,2.4600,0.0000,0.4880,7.8310,53.6000,3.1992,3.0000,193.0000,17.8000,392.6300,4.4500
0.0788,45.0000,3.4400,0.0000,0.4370,6.7820,41.1000,3.7886,5.0000,398.0000,15.2000,393.8700,6.6800
0.1258,45.0000,3.4400,0.0000,0.4370,6.5560,29.1000,4.5667,5.0000,398.0000,15.2000,382.8400,4.5600
0.0837,45.0000,3.4400,0.0000,0.4370,7.1850,38.9000,4.5667,5.0000,398.0000,15.2000,396.9000,5.3900
0.0907,45.0000,3.4400,0.0000,0.4370,6.9510,21.5000,6.4798,5.0000,398.0000,15.2000,377.6800,5.1000
0.0691,45.0000,3.4400,0.0000,0.4370,6.7390,30.8000,6.4798,5.0000,398.0000,15.2000,389.7100,4.6900
0.0866,45.0000,3.4400,0.0000,0.4370,7.1780,26.3000,6.4798,5.0000,398.0000,15.2000,390.4900,2.8700
0.0219,60.0000,2.9300,0.0000,0.4010,6.8000,9.9000,6.2196,1.0000,265.0000,15.6000,393.3700,5.0300
0.0144,60.0000,2.9300,0.0000,0.4010,6.6040,18.8000,6.2196,1.0000,265.0000,15.6000,376.7000,4.3800
0.0138,80.0000,0.4600,0.0000,0.4220,7.8750,32.0000,5.6484,4.0000,255.0000,14.4000,394.2300,2.9700
0.0401,80.0000,1.5200,0.0000,0.4040,7.2870,34.1000,7.3090,2.0000,329.0000,12.6000,396.9000,4.0800
0.0467,80.0000,1.5200,0.0000,0.4040,7.1070,36.6000,7.3090,2.0000,329.0000,12.6000,354.3100,8.6100
0.0377,80.0000,1.5200,0.0000,0.4040,7.2740,38.3000,7.3090,2.0000,329.0000,12.6000,392.2000,6.6200
0.0315,95.0000,1.4700,0.0000,0.4030,6.9750,15.3000,7.6534,3.0000,402.0000,17.0000,396.9000,4.5600
0.0178,95.0000,1.4700,0.0000,0.4030,7.1350,13.9000,7.6534,3.0000,402.0000,17.0000,384.3000,4.4500
0.0345,82.5000,2.0300,0.0000,0.4150,6.1620,38.4000,6.2700,2.0000,348.0000,14.7000,393.7700,7.4300
0.0218,82.5000,2.0300,0.0000,0.4150,7.6100,15.7000,6.2700,2.0000,348.0000,14.7000,395.3800,3.1100
0.0351,95.0000,2.6800,0.0000,0.4161,7.8530,33.2000,5.1180,4.0000,224.0000,14.7000,392.7800,3.8100
0.0201,95.0000,2.6800,0.0000,0.4161,8.0340,31.9000,5.1180,4.0000,224.0000,14.7000,390.5500,2.8800
0.1364,0.0000,10.5900,0.0000,0.4890,5.8910,22.3000,3.9454,4.0000,277.0000,18.6000,396.9000,10.8700
0.2297,0.0000,10.5900,0.0000,0.4890,6.3260,52.5000,4.3549,4.0000,277.0000,18.6000,394.8700,10.9700
0.2520,0.0000,10.5900,0.0000,0.4890,5.7830,72.7000,4.3549,4.0000,277.0000,18.6000,389.4300,18.0600
0.1359,0.0000,10.5900,1.0000,0.4890,6.0640,59.1000,4.2392,4.0000,277.0000,18.6000,381.3200,14.6600
0.4357,0.0000,10.5900,1.0000,0.4890,5.3440,100.0000,3.8750,4.0000,277.0000,18.6000,396.9000,23.0900
0.1745,0.0000,10.5900,1.0000,0.4890,5.9600,92.1000,3.8771,4.0000,277.0000,18.6000,393.2500,17.2700
0.3758,0.0000,10.5900,1.0000,0.4890,5.4040,88.6000,3.6650,4.0000,277.0000,18.6000,395.2400,23.9800
0.2172,0.0000,10.5900,1.0000,0.4890,5.8070,53.8000,3.6526,4.0000,277.0000,18.6000,390.9400,16.0300
0.1405,0.0000,10.5900,0.0000,0.4890,6.3750,32.3000,3.9454,4.0000,277.0000,18.6000,385.8100,9.3800
0.2895,0.0000,10.5900,0.0000,0.4890,5.4120,9.8000,3.5875,4.0000,277.0000,18.6000,348.9300,29.5500
0.1980,0.0000,10.5900,0.0000,0.4890,6.1820,42.4000,3.9454,4.0000,277.0000,18.6000,393.6300,9.4700
0.0456,0.0000,13.8900,1.0000,0.5500,5.8880,56.0000,3.1121,5.0000,276.0000,16.4000,392.8000,13.5100
0.0701,0.0000,13.8900,0.0000,0.5500,6.6420,85.1000,3.4211,5.0000,276.0000,16.4000,392.7800,9.6900
0.1107,0.0000,13.8900,1.0000,0.5500,5.9510,93.8000,2.8893,5.0000,276.0000,16.4000,396.9000,17.9200
0.1143,0.0000,13.8900,1.0000,0.5500,6.3730,92.4000,3.3633,5.0000,276.0000,16.4000,393.7400,10.5000
0.3581,0.0000,6.2000,1.0000,0.5070,6.9510,88.5000,2.8617,8.0000,307.0000,17.4000,391.7000,9.7100
0.4077,0.0000,6.2000,1.0000,0.5070,6.1640,91.3000,3.0480,8.0000,307.0000,17.4000,395.2400,21.4600
0.6236,0.0000,6.2000,1.0000,0.5070,6.8790,77.7000,3.2721,8.0000,307.0000,17.4000,390.3900,9.9300
0.6147,0.0000,6.2000,0.0000,0.5070,6.6180,80.8000,3.2721,8.0000,307.0000,17.4000,396.9000,7.6000
0.3153,0.0000,6.2000,0.0000,0.5040,8.2660,78.3000,2.8944,8.0000,307.0000,17.4000,385.0500,4.1400
0.5269,0.0000,6.2000,0.0000,0.5040,8.7250,83.0000,2.8944,8.0000,307.0000,17.4000,382.0000,4.6300
0.3821,0.0000,6.2000,0.0000,0.5040,8.0400,86.5000,3.2157,8.0000,307.0000,17.4000,387.3800,3.1300
0.4124,0.0000,6.2000,0.0000,0.5040,7.1630,79.9000,3.2157,8.0000,307.0000,17.4000,372.0800,6.3600
0.2982,0.0000,6.2000,0.0000,0.5040,7.6860,17.0000,3.3751,8.0000,307.0000,17.4000,377.5100,3.9200
0.4418,0.0000,6.2000,0.0000,0.5040,6.5520,21.4000,3.3751,8.0000,307.0000,17.4000,380.3400,3.7600
0.5370,0.0000,6.2000,0.0000,0.5040,5.9810,68.1000,3.6715,8.0000,307.0000,17.4000,378.3500,11.6500
0.4630,0.0000,6.2000,0.0000,0.5040,7.4120,76.9000,3.6715,8.0000,307.0000,17.4000,376.1400,5.2500
0.5753,0.0000,6.2000,0.0000,0.5070,8.3370,73.3000,3.8384,8.0000,307.0000,17.4000,385.9100,2.4700
0.3315,0.0000,6.2000,0.0000,0.5070,8.2470,70.4000,3.6519,8.0000,307.0000,17.4000,378.9500,3.9500
0.4479,0.0000,6.2000,1.0000,0.5070,6.7260,66.5000,3.6519,8.0000,307.0000,17.4000,360.2000,8.0500
0.3305,0.0000,6.2000,0.0000,0.5070,6.0860,61.5000,3.6519,8.0000,307.0000,17.4000,376.7500,10.8800
0.5206,0.0000,6.2000,1.0000,0.5070,6.6310,76.5000,4.1480,8.0000,307.0000,17.4000,388.4500,9.5400
0.5118,0.0000,6.2000,0.0000,0.5070,7.3580,71.6000,4.1480,8.0000,307.0000,17.4000,390.0700,4.7300
0.0824,30.0000,4.9300,0.0000,0.4280,6.4810,18.5000,6.1899,6.0000,300.0000,16.6000,379.4100,6.3600
0.0925,30.0000,4.9300,0.0000,0.4280,6.6060,42.2000,6.1899,6.0000,300.0000,16.6000,383.7800,7.3700
0.1133,30.0000,4.9300,0.0000,0.4280,6.8970,54.3000,6.3361,6.0000,300.0000,16.6000,391.2500,11.3800
0.1061,30.0000,4.9300,0.0000,0.4280,6.0950,65.1000,6.3361,6.0000,300.0000,16.6000,394.6200,12.4000
0.1029,30.0000,4.9300,0.0000,0.4280,6.3580,52.9000,7.0355,6.0000,300.0000,16.6000,372.7500,11.2200
0.1276,30.0000,4.9300,0.0000,0.4280,6.3930,7.8000,7.0355,6.0000,300.0000,16.6000,374.7100,5.1900
0.2061,22.0000,5.8600,0.0000,0.4310,5.5930,76.5000,7.9549,7.0000,330.0000,19.1000,372.4900,12.5000
0.1913,22.0000,5.8600,0.0000,0.4310,5.6050,70.2000,7.9549,7.0000,330.0000,19.1000,389.1300,18.4600
0.3398,22.0000,5.8600,0.0000,0.4310,6.1080,34.9000,8.0555,7.0000,330.0000,19.1000,390.1800,9.1600
0.1966,22.0000,5.8600,0.0000,0.4310,6.2260,79.2000,8.0555,7.0000,330.0000,19.1000,376.1400,10.1500
0.1644,22.0000,5.8600,0.0000,0.4310,6.4330,49.1000,7.8265,7.0000,330.0000,19.1000,374.7100,9.5200
0.1907,22.0000,5.8600,0.0000,0.4310,6.7180,17.5000,7.8265,7.0000,330.0000,19.1000,393.7400,6.5600
0.1403,22.0000,5.8600,0.0000,0.4310,6.4870,13.0000,7.3967,7.0000,330.0000,19.1000,396.2800,5.9000
0.2141,22.0000,5.8600,0.0000,0.4310,6.4380,8.9000,7.3967,7.0000,330.0000,19.1000,377.0700,3.5900
0.0822,22.0000,5.8600,0.0000,0.4310,6.9570,6.8000,8.9067,7.0000,330.0000,19.1000,386.0900,3.5300
0.3689,22.0000,5.8600,0.0000,0.4310,8.2590,8.4000,8.9067,7.0000,330.0000,19.1000,396.9000,3.5400
0.0482,80.0000,3.6400,0.0000,0.3920,6.1080,32.0000,9.2203,1.0000,315.0000,16.4000,392.8900,6.5700
0.0355,80.0000,3.6400,0.0000,0.3920,5.8760,19.1000,9.2203,1.0000,315.0000,16.4000,395.1800,9.2500
0.0154,90.0000,3.7500,0.0000,0.3940,7.4540,34.2000,6.3361,3.0000,244.0000,15.9000,386.3400,3.1100
0.6115,20.0000,3.9700,0.0000,0.6470,8.7040,86.9000,1.8010,5.0000,264.0000,13.0000,389.7000,5.1200
0.6635,20.0000,3.9700,0.0000,0.6470,7.3330,100.0000,1.8946,5.0000,264.0000,13.0000,383.2900,7.7900
0.6566,20.0000,3.9700,0.0000,0.6470,6.8420,100.0000,2.0107,5.0000,264.0000,13.0000,391.9300,6.9000
0.5401,20.0000,3.9700,0.0000,0.6470,7.2030,81.8000,2.1121,5.0000,264.0000,13.0000,392.8000,9.5900
0.5341,20.0000,3.9700,0.0000,0.6470,7.5200,89.4000,2.1398,5.0000,264.0000,13.0000,388.3700,7.2600
0.5201,20.0000,3.9700,0.0000,0.6470,8.3980,91.5000,2.2885,5.0000,264.0000,13.0000,386.8600,5.9100
0.8253,20.0000,3.9700,0.0000,0.6470,7.3270,94.5000,2.0788,5.0000,264.0000,13.0000,393.4200,11.2500
0.5501,20.0000,3.9700,0.0000,0.6470,7.2060,91.6000,1.9301,5.0000,264.0000,13.0000,387.8900,8.1000
0.7616,20.0000,3.9700,0.0000,0.6470,5.5600,62.8000,1.9865,5.0000,264.0000,13.0000,392.4000,10.4500
0.7857,20.0000,3.9700,0.0000,0.6470,7.0140,84.6000,2.1329,5.0000,264.0000,13.0000,384.0700,14.7900
0.5783,20.0000,3.9700,0.0000,0.5750,8.2970,67.0000,2.4216,5.0000,264.0000,13.0000,384.5400,7.4400
0.5405,20.0000,3.9700,0.0000,0.5750,7.4700,52.6000,2.8720,5.0000,264.0000,13.0000,390.3000,3.1600
0.0906,20.0000,6.9600,1.0000,0.4640,5.9200,61.5000,3.9175,3.0000,223.0000,18.6000,391.3400,13.6500
0.2992,20.0000,6.9600,0.0000,0.4640,5.8560,42.1000,4.4290,3.0000,223.0000,18.6000,388.6500,13.0000
0.1621,20.0000,6.9600,0.0000,0.4640,6.2400,16.3000,4.4290,3.0000,223.0000,18.6000,396.9000,6.5900
0.1146,20.0000,6.9600,0.0000,0.4640,6.5380,58.7000,3.9175,3.0000,223.0000,18.6000,394.9600,7.7300
0.2219,20.0000,6.9600,1.0000,0.4640,7.6910,51.8000,4.3665,3.0000,223.0000,18.6000,390.7700,6.5800
0.0564,40.0000,6.4100,1.0000,0.4470,6.7580,32.9000,4.0776,4.0000,254.0000,17.6000,396.9000,3.5300
0.0960,40.0000,6.4100,0.0000,0.4470,6.8540,42.8000,4.2673,4.0000,254.0000,17.6000,396.9000,2.9800
0.1047,40.0000,6.4100,1.0000,0.4470,7.2670,49.0000,4.7872,4.0000,254.0000,17.6000,389.2500,6.0500
0.0613,40.0000,6.4100,1.0000,0.4470,6.8260,27.6000,4.8628,4.0000,254.0000,17.6000,393.4500,4.1600
0.0798,40.0000,6.4100,0.0000,0.4470,6.4820,32.1000,4.1403,4.0000,254.0000,17.6000,396.9000,7.1900
0.2104,20.0000,3.3300,0.0000,0.4429,6.8120,32.2000,4.1007,5.0000,216.0000,14.9000,396.9000,4.8500
0.0358,20.0000,3.3300,0.0000,0.4429,7.8200,64.5000,4.6947,5.0000,216.0000,14.9000,387.3100,3.7600
0.0370,20.0000,3.3300,0.0000,0.4429,6.9680,37.2000,5.2447,5.0000,216.0000,14.9000,392.2300,4.5900
0.0613,20.0000,3.3300,1.0000,0.4429,7.6450,49.7000,5.2119,5.0000,216.0000,14.9000,377.0700,3.0100
0.0150,90.0000,1.2100,1.0000,0.4010,7.9230,24.8000,5.8850,1.0000,198.0000,13.6000,395.5200,3.1600
0.0091,90.0000,2.9700,0.0000,0.4000,7.0880,20.8000,7.3073,1.0000,285.0000,15.3000,394.7200,7.8500
0.0110,55.0000,2.2500,0.0000,0.3890,6.4530,31.9000,7.3073,1.0000,300.0000,15.3000,394.7200,8.2300
0.0197,80.0000,1.7600,0.0000,0.3850,6.2300,31.5000,9.0892,1.0000,241.0000,18.2000,341.6000,12.9300
0.0387,52.5000,5.3200,0.0000,0.4050,6.2090,31.3000,7.3172,6.0000,293.0000,16.6000,396.9000,7.1400
0.0459,52.5000,5.3200,0.0000,0.4050,6.3150,45.6000,7.3172,6.0000,293.0000,16.6000,396.9000,7.6000
0.0430,52.5000,5.3200,0.0000,0.4050,6.5650,22.9000,7.3172,6.0000,293.0000,16.6000,371.7200,9.5100
0.0350,80.0000,4.9500,0.0000,0.4110,6.8610,27.9000,5.1167,4.0000,245.0000,19.2000,396.9000,3.3300
0.0789,80.0000,4.9500,0.0000,0.4110,7.1480,27.7000,5.1167,4.0000,245.0000,19.2000,396.9000,3.5600
0.0362,80.0000,4.9500,0.0000,0.4110,6.6300,23.4000,5.1167,4.0000,245.0000,19.2000,396.9000,4.7000
0.0827,0.0000,13.9200,0.0000,0.4370,6.1270,18.4000,5.5027,4.0000,289.0000,16.0000,396.9000,8.5800
0.0820,0.0000,13.9200,0.0000,0.4370,6.0090,42.3000,5.5027,4.0000,289.0000,16.0000,396.9000,10.4000
0.1293,0.0000,13.9200,0.0000,0.4370,6.6780,31.1000,5.9604,4.0000,289.0000,16.0000,396.9000,6.2700
0.0537,0.0000,13.9200,0.0000,0.4370,6.5490,51.0000,5.9604,4.0000,289.0000,16.0000,392.8500,7.3900
0.1410,0.0000,13.9200,0.0000,0.4370,5.7900,58.0000,6.3200,4.0000,289.0000,16.0000,396.9000,15.8400
0.0647,70.0000,2.2400,0.0000,0.4000,6.3450,20.1000,7.8278,5.0000,358.0000,14.8000,368.2400,4.9700
0.0556,70.0000,2.2400,0.0000,0.4000,7.0410,10.0000,7.8278,5.0000,358.0000,14.8000,371.5800,4.7400
0.0442,70.0000,2.2400,0.0000,0.4000,6.8710,47.4000,7.8278,5.0000,358.0000,14.8000,390.8600,6.0700
0.0354,34.0000,6.0900,0.0000,0.4330,6.5900,40.4000,5.4917,7.0000,329.0000,16.1000,395.7500,9.5000
0.0927,34.0000,6.0900,0.0000,0.4330,6.4950,18.4000,5.4917,7.0000,329.0000,16.1000,383.6100,8.6700
0.1000,34.0000,6.0900,0.0000,0.4330,6.9820,17.7000,5.4917,7.0000,329.0000,16.1000,390.4300,4.8600
0.0551,33.0000,2.1800,0.0000,0.4720,7.2360,41.1000,4.0220,7.0000,222.0000,18.4000,393.6800,6.9300
0.0548,33.0000,2.1800,0.0000,0.4720,6.6160,58.1000,3.3700,7.0000,222.0000,18.4000,393.3600,8.9300
0.0750,33.0000,2.1800,0.0000,0.4720,7.4200,71.9000,3.0992,7.0000,222.0000,18.4000,396.9000,6.4700
0.0493,33.0000,2.1800,0.0000,0.4720,6.8490,70.3000,3.1827,7.0000,222.0000,18.4000,396.9000,7.5300
0.4930,0.0000,9.9000,0.0000,0.5440,6.6350,82.5000,3.3175,4.0000,304.0000,18.4000,396.9000,4.5400
0.3494,0.0000,9.9000,0.0000,0.5440,5.9720,76.7000,3.1025,4.0000,304.0000,18.4000,396.2400,9.9700
2.6355,0.0000,9.9000,0.0000,0.5440,4.9730,37.8000,2.5194,4.0000,304.0000,18.4000,350.4500,12.6400
0.7904,0.0000,9.9000,0.0000,0.5440,6.1220,52.8000,2.6403,4.0000,304.0000,18.4000,396.9000,5.9800
0.2617,0.0000,9.9000,0.0000,0.5440,6.0230,90.4000,2.8340,4.0000,304.0000,18.4000,396.3000,11.7200
0.2694,0.0000,9.9000,0.0000,0.5440,6.2660,82.8000,3.2628,4.0000,304.0000,18.4000,393.3900,7.9000
0.3692,0.0000,9.9000,0.0000,0.5440,6.5670,87.3000,3.6023,4.0000,304.0000,18.4000,395.6900,9.2800
0.2536,0.0000,9.9000,0.0000,0.5440,5.7050,77.7000,3.9450,4.0000,304.0000,18.4000,396.4200,11.5000
0.3183,0.0000,9.9000,0.0000,0.5440,5.9140,83.2000,3.9986,4.0000,304.0000,18.4000,390.7000,18.3300
0.2452,0.0000,9.9000,0.0000,0.5440,5.7820,71.7000,4.0317,4.0000,304.0000,18.4000,396.9000,15.9400
0.4020,0.0000,9.9000,0.0000,0.5440,6.3820,67.2000,3.5325,4.0000,304.0000,18.4000,395.2100,10.3600
0.4755,0.0000,9.9000,0.0000,0.5440,6.1130,58.8000,4.0019,4.0000,304.0000,18.4000,396.2300,12.7300
0.1676,0.0000,7.3800,0.0000,0.4930,6.4260,52.3000,4.5404,5.0000,287.0000,19.6000,396.9000,7.2000
0.1816,0.0000,7.3800,0.0000,0.4930,6.3760,54.3000,4.5404,5.0000,287.0000,19.6000,396.9000,6.8700
0.3511,0.0000,7.3800,0.0000,0.4930,6.0410,49.9000,4.7211,5.0000,287.0000,19.6000,396.9000,7.7000
0.2839,0.0000,7.3800,0.0000,0.4930,5.7080,74.3000,4.7211,5.0000,287.0000,19.6000,391.1300,11.7400
0.3411,0.0000,7.3800,0.0000,0.4930,6.4150,40.1000,4.7211,5.0000,287.0000,19.6000,396.9000,6.1200
0.1919,0.0000,7.3800,0.0000,0.4930,6.4310,14.7000,5.4159,5.0000,287.0000,19.6000,393.6800,5.0800
0.3035,0.0000,7.3800,0.0000,0.4930,6.3120,28.9000,5.4159,5.0000,287.0000,19.6000,396.9000,6.1500
0.2410,0.0000,7.3800,0.0000,0.4930,6.0830,43.7000,5.4159,5.0000,287.0000,19.6000,396.9000,12.7900
0.0662,0.0000,3.2400,0.0000,0.4600,5.8680,25.8000,5.2146,4.0000,430.0000,16.9000,382.4400,9.9700
0.0672,0.0000,3.2400,0.0000,0.4600,6.3330,17.2000,5.2146,4.0000,430.0000,16.9000,375.2100,7.3400
0.0454,0.0000,3.2400,0.0000,0.4600,6.1440,32.2000,5.8736,4.0000,430.0000,16.9000,368.5700,9.0900
0.0502,35.0000,6.0600,0.0000,0.4379,5.7060,28.4000,6.6407,1.0000,304.0000,16.9000,394.0200,12.4300
0.0347,35.0000,6.0600,0.0000,0.4379,6.0310,23.3000,6.6407,1.0000,304.0000,16.9000,362.2500,7.8300
0.0508,0.0000,5.1900,0.0000,0.5150,6.3160,38.1000,6.4584,5.0000,224.0000,20.2000,389.7100,5.6800
0.0374,0.0000,5.1900,0.0000,0.5150,6.3100,38.5000,6.4584,5.0000,224.0000,20.2000,389.4000,6.7500
0.0396,0.0000,5.1900,0.0000,0.5150,6.0370,34.5000,5.9853,5.0000,224.0000,20.2000,396.9000,8.0100
0.0343,0.0000,5.1900,0.0000,0.5150,5.8690,46.3000,5.2311,5.0000,224.0000,20.2000,396.9000,9.8000
0.0304,0.0000,5.1900,0.0000,0.5150,5.8950,59.6000,5.6150,5.0000,224.0000,20.2000,394.8100,10.5600
0.0331,0.0000,5.1900,0.0000,0.5150,6.0590,37.3000,4.8122,5.0000,224.0000,20.2000,396.1400,8.5100
0.0550,0.0000,5.1900,0.0000,0.5150,5.9850,45.4000,4.8122,5.0000,224.0000,20.2000,396.9000,9.7400
0.0615,0.0000,5.1900,0.0000,0.5150,5.9680,58.5000,4.8122,5.0000,224.0000,20.2000,396.9000,9.2900
0.0130,35.0000,1.5200,0.0000,0.4420,7.2410,49.3000,7.0379,1.0000,284.0000,15.5000,394.7400,5.4900
0.0250,0.0000,1.8900,0.0000,0.5180,6.5400,59.7000,6.2669,1.0000,422.0000,15.9000,389.9600,8.6500
0.0254,55.0000,3.7800,0.0000,0.4840,6.6960,56.4000,5.7321,5.0000,370.0000,17.6000,396.9000,7.1800
0.0305,55.0000,3.7800,0.0000,0.4840,6.8740,28.1000,6.4654,5.0000,370.0000,17.6000,387.9700,4.6100
0.0311,0.0000,4.3900,0.0000,0.4420,6.0140,48.5000,8.0136,3.0000,352.0000,18.8000,385.6400,10.5300
0.0616,0.0000,4.3900,0.0000,0.4420,5.8980,52.3000,8.0136,3.0000,352.0000,18.8000,364.6100,12.6700
0.0187,85.0000,4.1500,0.0000,0.4290,6.5160,27.7000,8.5353,4.0000,351.0000,17.9000,392.4300,6.3600
0.0150,80.0000,2.0100,0.0000,0.4350,6.6350,29.7000,8.3440,4.0000,280.0000,17.0000,390.9400,5.9900
0.0290,40.0000,1.2500,0.0000,0.4290,6.9390,34.5000,8.7921,1.0000,335.0000,19.7000,389.8500,5.8900
0.0621,40.0000,1.2500,0.0000,0.4290,6.4900,44.4000,8.7921,1.0000,335.0000,19.7000,396.9000,5.9800
0.0795,60.0000,1.6900,0.0000,0.4110,6.5790,35.9000,10.7103,4.0000,411.0000,18.3000,370.7800,5.4900
0.0724,60.0000,1.6900,0.0000,0.4110,5.8840,18.5000,10.7103,4.0000,411.0000,18.3000,392.3300,7.7900
0.0171,90.0000,2.0200,0.0000,0.4100,6.7280,36.1000,12.1265,5.0000,187.0000,17.0000,384.4600,4.5000
0.0430,80.0000,1.9100,0.0000,0.4130,5.6630,21.9000,10.5857,4.0000,334.0000,22.0000,382.8000,8.0500
0.1066,80.0000,1.9100,0.0000,0.4130,5.9360,19.5000,10.5857,4.0000,334.0000,22.0000,376.0400,5.5700
8.9830,0.0000,18.1000,1.0000,0.7700,6.2120,97.4000,2.1222,24.0000,666.0000,20.2000,377.7300,17.6000
3.8497,0.0000,18.1000,1.0000,0.7700,6.3950,91.0000,2.5052,24.0000,666.0000,20.2000,391.3400,13.2700
5.2018,0.0000,18.1000,1.0000,0.7700,6.1270,83.4000,2.7227,24.0000,666.0000,20.2000,395.4300,11.4800
4.2613,0.0000,18.1000,0.0000,0.7700,6.1120,81.3000,2.5091,24.0000,666.0000,20.2000,390.7400,12.6700
4.5419,0.0000,18.1000,0.0000,0.7700,6.3980,88.0000,2.5182,24.0000,666.0000,20.2000,374.5600,7.7900
3.8368,0.0000,18.1000,0.0000,0.7700,6.2510,91.1000,2.2955,24.0000,666.0000,20.2000,350.6500,14.1900
3.6782,0.0000,18.1000,0.0000,0.7700,5.3620,96.2000,2.1036,24.0000,666.0000,20.2000,380.7900,10.1900
4.2224,0.0000,18.1000,1.0000,0.7700,5.8030,89.0000,1.9047,24.0000,666.0000,20.2000,353.0400,14.6400
3.4743,0.0000,18.1000,1.0000,0.7180,8.7800,82.9000,1.9047,24.0000,666.0000,20.2000,354.5500,5.2900
4.5559,0.0000,18.1000,0.0000,0.7180,3.5610,87.9000,1.6132,24.0000,666.0000,20.2000,354.7000,7.1200
3.6970,0.0000,18.1000,0.0000,0.7180,4.9630,91.4000,1.7523,24.0000,666.0000,20.2000,316.0300,14.0000
13.5222,0.0000,18.1000,0.0000,0.6310,3.8630,100.0000,1.5106,24.0000,666.0000,20.2000,131.4200,13.3300
4.8982,0.0000,18.1000,0.0000,0.6310,4.9700,100.0000,1.3325,24.0000,666.0000,20.2000,375.5200,3.2600
5.6700,0.0000,18.1000,1.0000,0.6310,6.6830,96.8000,1.3567,24.0000,666.0000,20.2000,375.3300,3.7300
6.5388,0.0000,18.1000,1.0000,0.6310,7.0160,97.5000,1.2024,24.0000,666.0000,20.2000,392.0500,2.9600
9.2323,0.0000,18.1000,0.0000,0.6310,6.2160,100.0000,1.1691,24.0000,666.0000,20.2000,366.1500,9.5300
8.2673,0.0000,18.1000,1.0000,0.6680,5.8750,89.6000,1.1296,24.0000,666.0000,20.2000,347.8800,8.8800
11.1081,0.0000,18.1000,0.0000,0.6680,4.9060,100.0000,1.1742,24.0000,666.0000,20.2000,396.9000,34.7700
18.4982,0.0000,18.1000,0.0000,0.6680,4.1380,100.0000,1.1370,24.0000,666.0000,20.2000,396.9000,37.9700
19.6091,0.0000,18.1000,0.0000,0.6710,7.3130,97.9000,1.3163,24.0000,666.0000,20.2000,396.9000,13.4400
15.2880,0.0000,18.1000,0.0000,0.6710,6.6490,93.3000,1.3449,24.0000,666.0000,20.2000,363.0200,23.2400
9.8235,0.0000,18.1000,0.0000,0.6710,6.7940,98.8000,1.3580,24.0000,666.0000,20.2000,396.9000,21.2400
23.6482,0.0000,18.1000,0.0000,0.6710,6.3800,96.2000,1.3861,24.0000,666.0000,20.2000,396.9000,23.6900
17.8667,0.0000,18.1000,0.0000,0.6710,6.2230,100.0000,1.3861,24.0000,666.0000,20.2000,393.7400,21.7800
88.9762,0.0000,18.1000,0.0000,0.6710,6.9680,91.9000,1.4165,24.0000,666.0000,20.2000,396.9000,17.2100
15.8744,0.0000,18.1000,0.0000,0.6710,6.5450,99.1000,1.5192,24.0000,666.0000,20.2000,396.9000,21.0800
9.1870,0.0000,18.1000,0.0000,0.7000,5.5360,100.0000,1.5804,24.0000,666.0000,20.2000,396.9000,23.6000
7.9925,0.0000,18.1000,0.0000,0.7000,5.5200,100.0000,1.5331,24.0000,666.0000,20.2000,396.9000,24.5600
20.0849,0.0000,18.1000,0.0000,0.7000,4.3680,91.2000,1.4395,24.0000,666.0000,20.2000,285.8300,30.6300
16.8118,0.0000,18.1000,0.0000,0.7000,5.2770,98.1000,1.4261,24.0000,666.0000,20.2000,396.9000,30.8100
24.3938,0.0000,18.1000,0.0000,0.7000,4.6520,100.0000,1.4672,24.0000,666.0000,20.2000,396.9000,28.2800
22.5971,0.0000,18.1000,0.0000,0.7000,5.0000,89.5000,1.5184,24.0000,666.0000,20.2000,396.9000,31.9900
14.3337,0.0000,18.1000,0.0000,0.7000,4.8800,100.0000,1.5895,24.0000,666.0000,20.2000,372.9200,30.6200
8.1517,0.0000,18.1000,0.0000,0.7000,5.3900,98.9000,1.7281,24.0000,666.0000,20.2000,396.9000,20.8500
6.9622,0.0000,18.1000,0.0000,0.7000,5.7130,97.0000,1.9265,24.0000,666.0000,20.2000,394.4300,17.1100
5.2931,0.0000,18.1000,0.0000,0.7000,6.0510,82.5000,2.1678,24.0000,666.0000,20.2000,378.3800,18.7600
11.5779,0.0000,18.1000,0.0000,0.7000,5.0360,97.0000,1.7700,24.0000,666.0000,20.2000,396.9000,25.6800
8.6448,0.0000,18.1000,0.0000,0.6930,6.1930,92.6000,1.7912,24.0000,666.0000,20.2000,396.9000,15.1700
13.3598,0.0000,18.1000,0.0000,0.6930,5.8870,94.7000,1.7821,24.0000,666.0000,20.2000,396.9000,16.3500
8.7167,0.0000,18.1000,0.0000,0.6930,6.4710,98.8000,1.7257,24.0000,666.0000,20.2000,391.9800,17.1200
5.8720,0.0000,18.1000,0.0000,0.6930,6.4050,96.0000,1.6768,24.0000,666.0000,20.2000,396.9000,19.3700
7.6720,0.0000,18.1000,0.0000,0.6930,5.7470,98.9000,1.6334,24.0000,666.0000,20.2000,393.1000,19.9200
38.3518,0.0000,18.1000,0.0000,0.6930,5.4530,100.0000,1.4896,24.0000,666.0000,20.2000,396.9000,30.5900
9.9166,0.0000,18.1000,0.0000,0.6930,5.8520,77.8000,1.5004,24.0000,666.0000,20.2000,338.1600,29.9700
25.0461,0.0000,18.1000,0.0000,0.6930,5.9870,100.0000,1.5888,24.0000,666.0000,20.2000,396.9000,26.7700
14.2362,0.0000,18.1000,0.0000,0.6930,6.3430,100.0000,1.5741,24.0000,666.0000,20.2000,396.9000,20.3200
9.5957,0.0000,18.1000,0.0000,0.6930,6.4040,100.0000,1.6390,24.0000,666.0000,20.2000,376.1100,20.3100
24.8017,0.0000,18.1000,0.0000,0.6930,5.3490,96.0000,1.7028,24.0000,666.0000,20.2000,396.9000,19.7700
41.5292,0.0000,18.1000,0.0000,0.6930,5.5310,85.4000,1.6074,24.0000,666.0000,20.2000,329.4600,27.3800
67.9208,0.0000,18.1000,0.0000,0.6930,5.6830,100.0000,1.4254,24.0000,666.0000,20.2000,384.9700,22.9800
20.7162,0.0000,18.1000,0.0000,0.6590,4.1380,100.0000,1.1781,24.0000,666.0000,20.2000,370.2200,23.3400
11.9511,0.0000,18.1000,0.0000,0.6590,5.6080,100.0000,1.2852,24.0000,666.0000,20.2000,332.0900,12.1300
7.4039,0.0000,18.1000,0.0000,0.5970,5.6170,97.9000,1.4547,24.0000,666.0000,20.2000,314.6400,26.4000
14.4383,0.0000,18.1000,0.0000,0.5970,6.8520,100.0000,1.4655,24.0000,666.0000,20.2000,179.3600,19.7800
51.1358,0.0000,18.1000,0.0000,0.5970,5.7570,100.0000,1.4130,24.0000,666.0000,20.2000,2.6000,10.1100
14.0507,0.0000,18.1000,0.0000,0.5970,6.6570,100.0000,1.5275,24.0000,666.0000,20.2000,35.0500,21.2200
18.8110,0.0000,18.1000,0.0000,0.5970,4.6280,100.0000,1.5539,24.0000,666.0000,20.2000,28.7900,34.3700
28.6558,0.0000,18.1000,0.0000,0.5970,5.1550,100.0000,1.5894,24.0000,666.0000,20.2000,210.9700,20.0800
45.7461,0.0000,18.1000,0.0000,0.6930,4.5190,100.0000,1.6582,24.0000,666.0000,20.2000,88.2700,36.9800
18.0846,0.0000,18.1000,0.0000,0.6790,6.4340,100.0000,1.8347,24.0000,666.0000,20.2000,27.2500,29.0500
10.8342,0.0000,18.1000,0.0000,0.6790,6.7820,90.8000,1.8195,24.0000,666.0000,20.2000,21.5700,25.7900
25.9406,0.0000,18.1000,0.0000,0.6790,5.3040,89.1000,1.6475,24.0000,666.0000,20.2000,127.3600,26.6400
73.5341,0.0000,18.1000,0.0000,0.6790,5.9570,100.0000,1.8026,24.0000,666.0000,20.2000,16.4500,20.6200
11.8123,0.0000,18.1000,0.0000,0.7180,6.8240,76.5000,1.7940,24.0000,666.0000,20.2000,48.4500,22.7400
11.0874,0.0000,18.1000,0.0000,0.7180,6.4110,100.0000,1.8589,24.0000,666.0000,20.2000,318.7500,15.0200
7.0226,0.0000,18.1000,0.0000,0.7180,6.0060,95.3000,1.8746,24.0000,666.0000,20.2000,319.9800,15.7000
12.0482,0.0000,18.1000,0.0000,0.6140,5.6480,87.6000,1.9512,24.0000,666.0000,20.2000,291.5500,14.1000
7.0504,0.0000,18.1000,0.0000,0.6140,6.1030,85.1000,2.0218,24.0000,666.0000,20.2000,2.5200,23.2900
8.7921,0.0000,18.1000,0.0000,0.5840,5.5650,70.6000,2.0635,24.0000,666.0000,20.2000,3.6500,17.1600
15.8603,0.0000,18.1000,0.0000,0.6790,5.8960,95.4000,1.9096,24.0000,666.0000,20.2000,7.6800,24.3900
12.2472,0.0000,18.1000,0.0000,0.5840,5.8370,59.7000,1.9976,24.0000,666.0000,20.2000,24.6500,15.6900
37.6619,0.0000,18.1000,0.0000,0.6790,6.2020,78.7000,1.8629,24.0000,666.0000,20.2000,18.8200,14.5200
7.3671,0.0000,18.1000,0.0000,0.6790,6.1930,78.1000,1.9356,24.0000,666.0000,20.2000,96.7300,21.5200
9.3389,0.0000,18.1000,0.0000,0.6790,6.3800,95.6000,1.9682,24.0000,666.0000,20.2000,60.7200,24.0800
8.4921,0.0000,18.1000,0.0000,0.5840,6.3480,86.1000,2.0527,24.0000,666.0000,20.2000,83.4500,17.6400
10.0623,0.0000,18.1000,0.0000,0.5840,6.8330,94.3000,2.0882,24.0000,666.0000,20.2000,81.3300,19.6900
6.4440,0.0000,18.1000,0.0000,0.5840,6.4250,74.8000,2.2004,24.0000,666.0000,20.2000,97.9500,12.0300
5.5811,0.0000,18.1000,0.0000,0.7130,6.4360,87.9000,2.3158,24.0000,666.0000,20.2000,100.1900,16.2200
13.9134,0.0000,18.1000,0.0000,0.7130,6.2080,95.0000,2.2222,24.0000,666.0000,20.2000,100.6300,15.1700
11.1604,0.0000,18.1000,0.0000,0.7400,6.6290,94.6000,2.1247,24.0000,666.0000,20.2000,109.8500,23.2700
14.4208,0.0000,18.1000,0.0000,0.7400,6.4610,93.3000,2.0026,24.0000,666.0000,20.2000,27.4900,18.0500
15.1772,0.0000,18.1000,0.0000,0.7400,6.1520,100.0000,1.9142,24.0000,666.0000,20.2000,9.3200,26.4500
13.6781,0.0000,18.1000,0.0000,0.7400,5.9350,87.9000,1.8206,24.0000,666.0000,20.2000,68.9500,34.0200
9.3906,0.0000,18.1000,0.0000,0.7400,5.6270,93.9000,1.8172,24.0000,666.0000,20.2000,396.9000,22.8800
22.0511,0.0000,18.1000,0.0000,0.7400,5.8180,92.4000,1.8662,24.0000,666.0000,20.2000,391.4500,22.1100
9.7242,0.0000,18.1000,0.0000,0.7400,6.4060,97.2000,2.0651,24.0000,666.0000,20.2000,385.9600,19.5200
5.6664,0.0000,18.1000,0.0000,0.7400,6.2190,100.0000,2.0048,24.0000,666.0000,20.2000,395.6900,16.5900
9.9665,0.0000,18.1000,0.0000,0.7400,6.4850,100.0000,1.9784,24.0000,666.0000,20.2000,386.7300,18.8500
12.8023,0.0000,18.1000,0.0000,0.7400,5.8540,96.6000,1.8956,24.0000,666.0000,20.2000,240.5200,23.7900
10.6718,0.0000,18.1000,0.0000,0.7400,6.4590,94.8000,1.9879,24.0000,666.0000,20.2000,43.0600,23.9800
6.2881,0.0000,18.1000,0.0000,0.7400,6.3410,96.4000,2.0720,24.0000,666.0000,20.2000,318.0100,17.7900
9.9248,0.0000,18.1000,0.0000,0.7400,6.2510,96.6000,2.1980,24.0000,666.0000,20.2000,388.5200,16.4400
9.3291,0.0000,18.1000,0.0000,0.7130,6.1850,98.7000,2.2616,24.0000,666.0000,20.2000,396.9000,18.1300
7.5260,0.0000,18.1000,0.0000,0.7130,6.4170,98.3000,2.1850,24.0000,666.0000,20.2000,304.2100,19.3100
6.7177,0.0000,18.1000,0.0000,0.7130,6.7490,92.6000,2.3236,24.0000,666.0000,20.2000,0.3200,17.4400
5.4411,0.0000,18.1000,0.0000,0.7130,6.6550,98.2000,2.3552,24.0000,666.0000,20.2000,355.2900,17.7300
5.0902,0.0000,18.1000,0.0000,0.7130,6.2970,91.8000,2.3682,24.0000,666.0000,20.2000,385.0900,17.2700
8.2481,0.0000,18.1000,0.0000,0.7130,7.3930,99.3000,2.4527,24.0000,666.0000,20.2000,375.8700,16.7400
9.5136,0.0000,18.1000,0.0000,0.7130,6.7280,94.1000,2.4961,24.0000,666.0000,20.2000,6.6800,18.7100
4.7524,0.0000,18.1000,0.0000,0.7130,6.5250,86.5000,2.4358,24.0000,666.0000,20.2000,50.9200,18.1300
4.6688,0.0000,18.1000,0.0000,0.7130,5.9760,87.9000,2.5806,24.0000,666.0000,20.2000,10.4800,19.0100
8.2006,0.0000,18.1000,0.0000,0.7130,5.9360,80.3000,2.7792,24.0000,666.0000,20.2000,3.5000,16.9400
7.7522,0.0000,18.1000,0.0000,0.7130,6.3010,83.7000,2.7831,24.0000,666.0000,20.2000,272.2100,16.2300
6.8012,0.0000,18.1000,0.0000,0.7130,6.0810,84.4000,2.7175,24.0000,666.0000,20.2000,396.9000,14.7000
4.8121,0.0000,18.1000,0.0000,0.7130,6.7010,90.0000,2.5975,24.0000,666.0000,20.2000,255.2300,16.4200
3.6931,0.0000,18.1000,0.0000,0.7130,6.3760,88.4000,2.5671,24.0000,666.0000,20.2000,391.4300,14.6500
6.6549,0.0000,18.1000,0.0000,0.7130,6.3170,83.0000,2.7344,24.0000,666.0000,20.2000,396.9000,13.9900
5.8212,0.0000,18.1000,0.0000,0.7130,6.5130,89.9000,2.8016,24.0000,666.0000,20.2000,393.8200,10.2900
7.8393,0.0000,18.1000,0.0000,0.6550,6.2090,65.4000,2.9634,24.0000,666.0000,20.2000,396.9000,13.2200
3.1636,0.0000,18.1000,0.0000,0.6550,5.7590,48.2000,3.0665,24.0000,666.0000,20.2000,334.4000,14.1300
3.7750,0.0000,18.1000,0.0000,0.6550,5.9520,84.7000,2.8715,24.0000,666.0000,20.2000,22.0100,17.1500
4.4223,0.0000,18.1000,0.0000,0.5840,6.0030,94.5000,2.5403,24.0000,666.0000,20.2000,331.2900,21.3200
15.5757,0.0000,18.1000,0.0000,0.5800,5.9260,71.0000,2.9084,24.0000,666.0000,20.2000,368.7400,18.1300
13.0751,0.0000,18.1000,0.0000,0.5800,5.7130,56.7000,2.8237,24.0000,666.0000,20.2000,396.9000,14.7600
4.3488,0.0000,18.1000,0.0000,0.5800,6.1670,84.0000,3.0334,24.0000,666.0000,20.2000,396.9000,16.2900
4.0384,0.0000,18.1000,0.0000,0.5320,6.2290,90.7000,3.0993,24.0000,666.0000,20.2000,395.3300,12.8700
3.5687,0.0000,18.1000,0.0000,0.5800,6.4370,75.0000,2.8965,24.0000,666.0000,20.2000,393.3700,14.3600
4.6469,0.0000,18.1000,0.0000,0.6140,6.9800,67.6000,2.5329,24.0000,666.0000,20.2000,374.6800,11.6600
8.0558,0.0000,18.1000,0.0000,0.5840,5.4270,95.4000,2.4298,24.0000,666.0000,20.2000,352.5800,18.1400
6.3931,0.0000,18.1000,0.0000,0.5840,6.1620,97.4000,2.2060,24.0000,666.0000,20.2000,302.7600,24.1000
4.8714,0.0000,18.1000,0.0000,0.6140,6.4840,93.6000,2.3053,24.0000,666.0000,20.2000,396.2100,18.6800
15.0234,0.0000,18.1000,0.0000,0.6140,5.3040,97.3000,2.1007,24.0000,666.0000,20.2000,349.4800,24.9100
10.2330,0.0000,18.1000,0.0000,0.6140,6.1850,96.7000,2.1705,24.0000,666.0000,20.2000,379.7000,18.0300
14.3337,0.0000,18.1000,0.0000,0.6140,6.2290,88.0000,1.9512,24.0000,666.0000,20.2000,383.3200,13.1100
5.8240,0.0000,18.1000,0.0000,0.5320,6.2420,64.7000,3.4242,24.0000,666.0000,20.2000,396.9000,10.7400
5.7082,0.0000,18.1000,0.0000,0.5320,6.7500,74.9000,3.3317,24.0000,666.0000,20.2000,393.0700,7.7400
5.7312,0.0000,18.1000,0.0000,0.5320,7.0610,77.0000,3.4106,24.0000,666.0000,20.2000,395.2800,7.0100
2.8184,0.0000,18.1000,0.0000,0.5320,5.7620,40.3000,4.0983,24.0000,666.0000,20.2000,392.9200,10.4200
2.3786,0.0000,18.1000,0.0000,0.5830,5.8710,41.9000,3.7240,24.0000,666.0000,20.2000,370.7300,13.3400
3.6737,0.0000,18.1000,0.0000,0.5830,6.3120,51.9000,3.9917,24.0000,666.0000,20.2000,388.6200,10.5800
5.6917,0.0000,18.1000,0.0000,0.5830,6.1140,79.8000,3.5459,24.0000,666.0000,20.2000,392.6800,14.9800
4.8357,0.0000,18.1000,0.0000,0.5830,5.9050,53.2000,3.1523,24.0000,666.0000,20.2000,388.2200,11.4500
0.1509,0.0000,27.7400,0.0000,0.6090,5.4540,92.7000,1.8209,4.0000,711.0000,20.1000,395.0900,18.0600
0.1834,0.0000,27.7400,0.0000,0.6090,5.4140,98.3000,1.7554,4.0000,711.0000,20.1000,344.0500,23.9700
0.2075,0.0000,27.7400,0.0000,0.6090,5.0930,98.0000,1.8226,4.0000,711.0000,20.1000,318.4300,29.6800
0.1057,0.0000,27.7400,0.0000,0.6090,5.9830,98.8000,1.8681,4.0000,711.0000,20.1000,390.1100,18.0700
0.1113,0.0000,27.7400,0.0000,0.6090,5.9830,83.5000,2.1099,4.0000,711.0000,20.1000,396.9000,13.3500
0.1733,0.0000,9.6900,0.0000,0.5850,5.7070,54.0000,2.3817,6.0000,391.0000,19.2000,396.9000,12.0100
0.2796,0.0000,9.6900,0.0000,0.5850,5.9260,42.6000,2.3817,6.0000,391.0000,19.2000,396.9000,13.5900
0.1790,0.0000,9.6900,0.0000,0.5850,5.6700,28.8000,2.7986,6.0000,391.0000,19.2000,393.2900,17.6000
0.2896,0.0000,9.6900,0.0000,0.5850,5.3900,72.9000,2.7986,6.0000,391.0000,19.2000,396.9000,21.1400
0.2684,0.0000,9.6900,0.0000,0.5850,5.7940,70.6000,2.8927,6.0000,391.0000,19.2000,396.9000,14.1000
0.2391,0.0000,9.6900,0.0000,0.5850,6.0190,65.3000,2.4091,6.0000,391.0000,19.2000,396.9000,12.9200
0.1778,0.0000,9.6900,0.0000,0.5850,5.5690,73.5000,2.3999,6.0000,391.0000,19.2000,395.7700,15.1000
0.2244,0.0000,9.6900,0.0000,0.5850,6.0270,79.7000,2.4982,6.0000,391.0000,19.2000,396.9000,14.3300
0.0626,0.0000,11.9300,0.0000,0.5730,6.5930,69.1000,2.4786,1.0000,273.0000,21.0000,391.9900,9.6700
0.0453,0.0000,11.9300,0.0000,0.5730,6.1200,76.7000,2.2875,1.0000,273.0000,21.0000,396.9000,9.0800
0.0608,0.0000,11.9300,0.0000,0.5730,6.9760,91.0000,2.1675,1.0000,273.0000,21.0000,396.9000,5.6400
0.1096,0.0000,11.9300,0.0000,0.5730,6.7940,89.3000,2.3889,1.0000,273.0000,21.0000,393.4500,6.4800
0.0474,0.0000,11.9300,0.0000,0.5730,6.0300,80.8000,2.5050,1.0000,273.0000,21.0000,396.9000,7.8800
